{
  "mean": [
    12.861224174499512,
    0.3368745744228363,
    4.626240253448486,
    0.6631251573562622,
    4.365758895874023,
    5.58775520324707,
    0.7540816068649292,
    0.5998300313949585,
    0.6194846630096436,
    0.6337972283363342,
    0.8443129062652588,
    1.68608558177948,
    3.5347986221313477,
    2.2459793090820312,
    1.3636661767959595,
    11.497552871704102,
    2.3802378177642822,
    1.8085683584213257,
    40.38371658325195,
    32.21530532836914,
    4.439296245574951,
    3.695918321609497,
    4.296931266784668,
    758.07958984375,
    0.19259952008724213,
    52.203147888183594,
    0.5188515782356262,
    60825.3203125,
    631.8392333984375,
    2.6192758083343506,
    1.56429123878479,
    2.1757702827453613,
    -0.4047764539718628,
    -0.5830402374267578,
    0.2573277950286865,
    0.16082417964935303,
    -1.2192366123199463,
    0.3368745744228363,
    4.365758895874023,
    0.6631251573562622,
    4.626240253448486,
    4.158768653869629,
    0.0850052461028099,
    0.0,
    0.1631254255771637,
    2.812441349029541,
    0.4924609661102295,
    0.5188515782356262,
    87.21417236328125,
    0.1971108466386795,
    24.35881233215332
  ],
  "std": [
    24.34473991394043,
    0.2812748849391937,
    5.549866199493408,
    0.28127437829971313,
    2.3122806549072266,
    4.767814636230469,
    1.7715795040130615,
    0.13172349333763123,
    0.44092169404029846,
    0.44593846797943115,
    1.1112205982208252,
    1.2255439758300781,
    5.227480411529541,
    3.404036045074463,
    2.8156139850616455,
    23.149606704711914,
    3.379042387008667,
    2.489128589630127,
    68.17967987060547,
    139.7489013671875,
    15.257399559020996,
    3.7757716178894043,
    3.876781463623047,
    2155.385498046875,
    0.22062577307224274,
    73.02606201171875,
    0.3617244064807892,
    192193.078125,
    1040.36767578125,
    2.4496102333068848,
    1.4762204885482788,
    0.9239943027496338,
    0.5057097673416138,
    0.490383505821228,
    0.7509231567382812,
    0.5865447521209717,
    2.0365095138549805,
    0.2812748849391937,
    2.3122806549072266,
    0.28127437829971313,
    5.549866199493408,
    5.456591606140137,
    0.1701524555683136,
    9.99999993922529e-09,
    0.2812748849391937,
    10.96580696105957,
    0.38893821835517883,
    0.3617244064807892,
    211.32608032226562,
    0.12478962540626526,
    47.42591857910156
  ]
}