{
  "mean": [
    16.52410125732422,
    0.3267187774181366,
    4.6725921630859375,
    0.6732807755470276,
    4.155354976654053,
    8.234702110290527,
    1.1181894540786743,
    0.5986647605895996,
    0.6667484641075134,
    0.6785255074501038,
    0.6869834661483765,
    1.9594597816467285,
    2.575054168701172,
    2.3146073818206787,
    2.109632968902588,
    14.414460182189941,
    2.3579604625701904,
    1.6350868940353394,
    52.50121307373047,
    40.593135833740234,
    6.706605434417725,
    5.621123313903809,
    6.391666412353516,
    1012.7457275390625,
    0.17478588223457336,
    63.431270599365234,
    0.5213483572006226,
    81304.6875,
    1032.7579345703125,
    3.0863866806030273,
    1.5175834894180298,
    2.599884510040283,
    -0.3528459370136261,
    -0.4442839026451111,
    0.17503361403942108,
    0.13812032341957092,
    -1.0311781167984009,
    0.3267187774181366,
    4.155354976654053,
    0.6732807755470276,
    4.6725921630859375,
    6.302541255950928,
    0.0963626503944397,
    0.0,
    0.17328113317489624,
    3.5066521167755127,
    0.524271547794342,
    0.5213483572006226,
    106.00446319580078,
    0.20404723286628723,
    30.938556671142578
  ],
  "std": [
    27.19745635986328,
    0.2608465850353241,
    6.449684143066406,
    0.26084625720977783,
    2.081245183944702,
    7.226903438568115,
    2.2246718406677246,
    0.17460420727729797,
    0.43024981021881104,
    0.4338286817073822,
    0.9968847036361694,
    1.2538377046585083,
    4.334291458129883,
    4.038265228271484,
    4.144967555999756,
    25.25672721862793,
    3.620234489440918,
    2.1580986976623535,
    79.84564971923828,
    146.179443359375,
    20.78936004638672,
    5.693559646606445,
    5.887592792510986,
    2431.906982421875,
    0.20141634345054626,
    126.74404907226562,
    0.3388853073120117,
    216156.640625,
    3279.3564453125,
    2.6454412937164307,
    1.5393341779708862,
    1.2146040201187134,
    0.5535714030265808,
    0.6096482276916504,
    0.7733246088027954,
    0.5935091376304626,
    2.004276990890503,
    0.2608465850353241,
    2.081245183944702,
    0.26084625720977783,
    6.449684143066406,
    7.657702922821045,
    0.1773579865694046,
    9.99999993922529e-09,
    0.2608465850353241,
    11.992315292358398,
    0.376346617937088,
    0.3388853073120117,
    223.7268829345703,
    0.12184605747461319,
    52.32617950439453
  ]
}