{
  "mean": [
    12.892070770263672,
    0.31774893403053284,
    4.2142534255981445,
    0.6822509169578552,
    4.305617809295654,
    5.5870041847229,
    0.8039647340774536,
    0.6048559546470642,
    0.6560784578323364,
    0.6692906022071838,
    0.7643211483955383,
    1.7219364643096924,
    3.2353808879852295,
    2.002100944519043,
    1.3799461126327515,
    11.51212215423584,
    2.2121331691741943,
    1.6596795320510864,
    40.64764404296875,
    34.98127746582031,
    4.849773406982422,
    3.7852423191070557,
    4.342250347137451,
    741.5330200195312,
    0.175958052277565,
    48.40602111816406,
    0.5404612421989441,
    58985.99609375,
    597.705810546875,
    2.656085729598999,
    1.4409114122390747,
    2.1623480319976807,
    -0.43043065071105957,
    -0.5833507776260376,
    0.2960520386695862,
    0.17397987842559814,
    -1.3064018487930298,
    0.31774893403053284,
    4.305617809295654,
    0.6822509169578552,
    4.2142534255981445,
    4.357424259185791,
    0.08974238485097885,
    0.0,
    0.18225112557411194,
    2.9946465492248535,
    0.5216683149337769,
    0.5404612421989441,
    95.57606506347656,
    0.20072375237941742,
    24.40421485900879
  ],
  "std": [
    23.985881805419922,
    0.2738496661186218,
    5.5359039306640625,
    0.27384960651397705,
    2.1877691745758057,
    4.912691593170166,
    1.8366893529891968,
    0.1282522827386856,
    0.4296663701534271,
    0.4339013695716858,
    1.088983178138733,
    1.2117592096328735,
    5.177596092224121,
    3.313955783843994,
    2.8111441135406494,
    22.682079315185547,
    3.3281102180480957,
    2.330022096633911,
    66.6839370727539,
    146.3162078857422,
    16.092723846435547,
    3.889042377471924,
    4.007089138031006,
    2119.6103515625,
    0.20941941440105438,
    73.61151885986328,
    0.35820966958999634,
    188732.21875,
    1052.8751220703125,
    2.4160428047180176,
    1.4621952772140503,
    0.9545881748199463,
    0.47721976041793823,
    0.4966821074485779,
    0.7349185943603516,
    0.5847901105880737,
    1.9886220693588257,
    0.2738496661186218,
    2.1877691745758057,
    0.27384960651397705,
    5.5359039306640625,
    5.5165791511535645,
    0.17362043261528015,
    9.99999993922529e-09,
    0.2738496661186218,
    11.326566696166992,
    0.3838023543357849,
    0.35820966958999634,
    219.5985107421875,
    0.1207968145608902,
    46.60161590576172
  ]
}